{"cameraMode":{"drawMode":0,"name":"Shaded","section":"Shading Mode"},"sceneLighting":false,"audioPlay":false,"sceneViewState":{"showFog":true,"showMaterialUpdate":false,"showSkybox":false,"showFlares":true,"showImageEffects":true,"showParticleSystems":true},"in2DMode":false,"pivot":{"x":6.190789699554443,"y":0.5117583274841309,"z":9.425544738769532},"rotation":{"x":0.07626918703317642,"y":0.8886959552764893,"z":-0.16033916175365449,"w":0.4227314591407776},"size":0.9421567916870117,"orthographic":true}