{"cameraMode":{"drawMode":0,"name":"Shaded","section":"Shading Mode"},"sceneLighting":false,"audioPlay":false,"sceneViewState":{"showFog":true,"showMaterialUpdate":false,"showSkybox":true,"showFlares":true,"showImageEffects":true,"showParticleSystems":true},"in2DMode":false,"pivot":{"x":3.0511412620544435,"y":3.085977077484131,"z":-0.9411544799804688},"rotation":{"x":0.05556705221533775,"y":0.8171842098236084,"z":-0.07992902398109436,"w":0.5681090354919434},"size":8.009103775024414,"orthographic":true}